{
  "images" : [
    {
      "filename" : "Covid_19_iOS40.png",
      "idiom" : "iphone",
      "scale" : "2x",
      "size" : "20x20"
    },
    {
      "filename" : "Covid_19_iOS60.png",
      "idiom" : "iphone",
      "scale" : "3x",
      "size" : "20x20"
    },
    {
      "filename" : "Covid_19_iOS58.png",
      "idiom" : "iphone",
      "scale" : "2x",
      "size" : "29x29"
    },
    {
      "filename" : "Covid_19_iOS87.png",
      "idiom" : "iphone",
      "scale" : "3x",
      "size" : "29x29"
    },
    {
      "filename" : "Covid_19_iOS80.png",
      "idiom" : "iphone",
      "scale" : "2x",
      "size" : "40x40"
    },
    {
      "filename" : "Covid_19_iOS120.png",
      "idiom" : "iphone",
      "scale" : "3x",
      "size" : "40x40"
    },
    {
      "filename" : "Covid_19_iOS120-1.png",
      "idiom" : "iphone",
      "scale" : "2x",
      "size" : "60x60"
    },
    {
      "filename" : "Covid_19_iOS180.png",
      "idiom" : "iphone",
      "scale" : "3x",
      "size" : "60x60"
    },
    {
      "idiom" : "ipad",
      "scale" : "1x",
      "size" : "20x20"
    },
    {
      "idiom" : "ipad",
      "scale" : "2x",
      "size" : "20x20"
    },
    {
      "idiom" : "ipad",
      "scale" : "1x",
      "size" : "29x29"
    },
    {
      "idiom" : "ipad",
      "scale" : "2x",
      "size" : "29x29"
    },
    {
      "idiom" : "ipad",
      "scale" : "1x",
      "size" : "40x40"
    },
    {
      "idiom" : "ipad",
      "scale" : "2x",
      "size" : "40x40"
    },
    {
      "idiom" : "ipad",
      "scale" : "1x",
      "size" : "76x76"
    },
    {
      "idiom" : "ipad",
      "scale" : "2x",
      "size" : "76x76"
    },
    {
      "idiom" : "ipad",
      "scale" : "2x",
      "size" : "83.5x83.5"
    },
    {
      "filename" : "Covid_19_iOS1024x1024.png",
      "idiom" : "ios-marketing",
      "scale" : "1x",
      "size" : "1024x1024"
    }
  ],
  "info" : {
    "author" : "xcode",
    "version" : 1
  }
}
